Year,Station,Jan,Feb,Mar,Apr,May,Jun,Jul,Aug,Sep,Oct,Nov,Dec,Annual_Average,Source
1979,DaNang,6885.0,6875.0,6905.0,6875.0,6885.0,6895.0,6725.0,6855.0,6945.0,7265.0,7315.0,7055.0,6956.666666666667,PSMSL
1980,DaNang,6935.0,6945.0,6795.0,6825.0,6855.0,6775.0,6785.0,6835.0,7165.0,7265.0,7275.0,7145.0,6966.666666666667,PSMSL
1981,DaNang,7105.0,6965.0,6875.0,6855.0,6895.0,6935.0,6885.0,6895.0,6935.0,7215.0,7305.0,7125.0,6999.166666666667,PSMSL
1982,DaNang,6855.0,6815.0,6745.0,6665.0,6775.0,6845.0,6815.0,6755.0,7015.0,7075.0,7085.0,7085.0,6877.5,PSMSL
1983,DaNang,6985.0,6825.0,6845.0,6765.0,6755.0,6775.0,6775.0,6845.0,6865.0,7235.0,7245.0,7095.0,6917.5,PSMSL
1984,DaNang,6985.0,6925.0,6845.0,6815.0,6855.0,6855.0,6755.0,6895.0,6845.0,7185.0,7195.0,7105.0,6938.333333333333,PSMSL
1985,DaNang,6925.0,6925.0,6755.0,6845.0,6785.0,6895.0,6775.0,6815.0,6975.0,7125.0,7165.0,7145.0,6927.5,PSMSL
1986,DaNang,6985.0,6925.0,6915.0,6805.0,6835.0,6795.0,6805.0,6965.0,7005.0,7195.0,7235.0,7095.0,6963.333333333333,PSMSL
1987,DaNang,6985.0,6885.0,6835.0,6835.0,6785.0,6835.0,6795.0,6845.0,6985.0,7025.0,7195.0,7125.0,6927.5,PSMSL
1988,DaNang,6965.0,6955.0,6935.0,6895.0,6815.0,6835.0,6805.0,6795.0,6925.0,7355.0,7225.0,7025.0,6960.833333333333,PSMSL
1989,DaNang,7055.0,6915.0,6905.0,6795.0,6885.0,6815.0,6855.0,6965.0,6945.0,7215.0,7155.0,7065.0,6964.166666666667,PSMSL
1990,DaNang,7055.0,6905.0,6835.0,6865.0,6875.0,6865.0,6885.0,6895.0,6995.0,7195.0,7225.0,7055.0,6970.833333333333,PSMSL
1991,DaNang,6975.0,6965.0,6855.0,6895.0,6815.0,6775.0,6785.0,6925.0,7055.0,7205.0,7165.0,7035.0,6954.166666666667,PSMSL
1992,DaNang,6905.0,6855.0,6815.0,6825.0,6845.0,6815.0,6825.0,6925.0,6995.0,7315.0,7135.0,6975.0,6935.833333333333,PSMSL
1993,DaNang,6925.0,6835.0,6865.0,6865.0,6785.0,6715.0,6775.0,6845.0,6975.0,7175.0,7125.0,7155.0,6920.0,PSMSL
1994,DaNang,6975.0,6915.0,6945.0,6865.0,6825.0,6845.0,6835.0,6855.0,7075.0,7165.0,7135.0,7135.0,6964.166666666667,PSMSL
1995,DaNang,7035.0,6955.0,6865.0,6845.0,6865.0,6785.0,6725.0,6835.0,7075.0,7245.0,7205.0,7185.0,6968.333333333333,PSMSL
1996,DaNang,7005.0,7055.0,6845.0,6935.0,6925.0,6765.0,6835.0,6855.0,7085.0,7275.0,7305.0,7125.0,7000.833333333333,PSMSL
1997,DaNang,7015.0,7015.0,6915.0,6865.0,6865.0,6865.0,6895.0,6905.0,7075.0,7045.0,7055.0,7045.0,6963.333333333333,PSMSL
1998,DaNang,6975.0,6895.0,6895.0,6795.0,6805.0,6815.0,6755.0,6785.0,6995.0,7155.0,7255.0,7215.0,6945.0,PSMSL
1999,DaNang,7065.0,6955.0,6965.0,6975.0,6925.0,6865.0,6845.0,6855.0,6955.0,7235.0,7335.0,7265.0,7020.0,PSMSL
2000,DaNang,7035.0,7005.0,6965.0,6885.0,6925.0,6855.0,6905.0,6895.0,7045.0,7245.0,7235.0,7165.0,7013.333333333333,PSMSL
2001,DaNang,7095.0,7035.0,6955.0,6945.0,6885.0,6845.0,6895.0,7015.0,7085.0,7205.0,7265.0,7405.0,7052.5,PSMSL
2002,DaNang,6985.0,6945.0,6885.0,6865.0,6895.0,6865.0,6885.0,6985.0,7085.0,7125.0,7225.0,7385.0,7010.833333333333,PSMSL
2003,DaNang,7005.0,6955.0,6945.0,6865.0,6885.0,6865.0,6825.0,6925.0,7105.0,7225.0,7225.0,7165.0,6999.166666666667,PSMSL
2004,DaNang,6985.0,6895.0,6955.0,6915.0,6875.0,6945.0,6865.0,6975.0,6965.0,7195.0,7125.0,7065.0,6980.0,PSMSL
2005,DaNang,6975.0,6905.0,6865.0,6805.0,6785.0,6785.0,6795.0,6835.0,7105.0,7205.0,7195.0,7475.0,6977.5,PSMSL
2006,DaNang,7055.0,6985.0,6925.0,6875.0,6875.0,6835.0,6845.0,7005.0,7075.0,7165.0,7135.0,7485.0,7021.666666666667,PSMSL
2007,DaNang,7065.0,6795.0,6945.0,6915.0,6875.0,6815.0,6795.0,6905.0,7045.0,7255.0,7345.0,7095.0,6987.5,PSMSL
2008,DaNang,7095.0,6995.0,6915.0,6925.0,7015.0,6865.0,6865.0,6905.0,7035.0,7175.0,7315.0,7205.0,7025.833333333333,PSMSL
2009,DaNang,7125.0,6925.0,6945.0,7025.0,6995.0,6945.0,6915.0,6905.0,7235.0,7285.0,7235.0,7125.0,7055.0,PSMSL
2010,DaNang,7025.0,6925.0,6935.0,6955.0,6895.0,6855.0,6845.0,7005.0,6955.0,7315.0,7335.0,7125.0,7014.166666666667,PSMSL
2011,DaNang,7145.0,6965.0,7025.0,6885.0,6905.0,6875.0,6855.0,6935.0,7145.0,7275.0,7265.0,7235.0,7042.5,PSMSL
2012,DaNang,7095.0,7025.0,7015.0,6875.0,6905.0,6935.0,6885.0,6935.0,7115.0,7285.0,7175.0,7185.0,7035.833333333333,PSMSL
2013,DaNang,7215.0,6995.0,6925.0,6995.0,6925.0,6875.0,6895.0,6965.0,7125.0,7635.0,7275.0,7085.0,7075.833333333333,PSMSL
1979,HonDau,6867.0,6867.0,6917.0,6897.0,6977.0,6987.0,6967.0,6957.0,7037.0,7207.0,7107.0,6927.0,6976.166666666667,PSMSL
1980,HonDau,6867.0,6867.0,6857.0,6877.0,6957.0,6927.0,6947.0,6987.0,7197.0,7187.0,7147.0,7077.0,6991.166666666667,PSMSL
1981,HonDau,7027.0,6947.0,6867.0,6927.0,6927.0,6987.0,6987.0,6957.0,6997.0,7137.0,7117.0,6957.0,6986.166666666667,PSMSL
1982,HonDau,6907.0,6827.0,6807.0,6877.0,6907.0,6957.0,6977.0,6907.0,7077.0,7097.0,7047.0,6917.0,6942.0,PSMSL
1983,HonDau,6837.0,6677.0,6777.0,6817.0,6867.0,6937.0,6987.0,6987.0,7037.0,7327.0,,7187.0,6948.818181818182,PSMSL
1984,HonDau,7057.0,7037.0,6937.0,7007.0,7077.0,7097.0,7067.0,7127.0,7117.0,7317.0,7297.0,7167.0,7108.666666666667,PSMSL
1985,HonDau,6977.0,7067.0,7037.0,6967.0,7017.0,7127.0,7077.0,7057.0,7157.0,7247.0,7157.0,7067.0,7079.5,PSMSL
1986,HonDau,6977.0,6937.0,6957.0,6907.0,6827.0,,6947.0,7027.0,6987.0,7067.0,7027.0,6907.0,6960.636363636364,PSMSL
1987,HonDau,6877.0,6837.0,6817.0,6867.0,6907.0,6947.0,6897.0,6937.0,7017.0,7067.0,7027.0,6927.0,6927.0,PSMSL
1988,HonDau,6857.0,6847.0,6837.0,6837.0,6857.0,6877.0,6887.0,6917.0,6997.0,7167.0,7017.0,6917.0,6917.833333333333,PSMSL
1989,HonDau,6907.0,6867.0,6897.0,6857.0,6927.0,6997.0,6987.0,6977.0,6977.0,7137.0,7057.0,6977.0,6963.666666666667,PSMSL
1990,HonDau,6957.0,6837.0,6837.0,6957.0,6857.0,6887.0,6897.0,6947.0,7007.0,7147.0,6997.0,6957.0,6940.333333333333,PSMSL
1991,HonDau,6927.0,6917.0,6897.0,6897.0,6897.0,6897.0,6927.0,6997.0,7067.0,7187.0,7087.0,6987.0,6973.666666666667,PSMSL
1992,HonDau,6837.0,6827.0,6867.0,6877.0,6967.0,6957.0,6947.0,6967.0,7037.0,7237.0,7047.0,6947.0,6959.5,PSMSL
1993,HonDau,6907.0,6847.0,6887.0,6917.0,6937.0,7037.0,6977.0,6967.0,7017.0,7107.0,7047.0,6997.0,6970.333333333333,PSMSL
1994,HonDau,6927.0,6887.0,6907.0,6907.0,6897.0,6947.0,6977.0,6977.0,7127.0,7197.0,7097.0,7017.0,6988.666666666667,PSMSL
1995,HonDau,6947.0,6897.0,6847.0,6897.0,6947.0,6917.0,6947.0,7037.0,7147.0,7157.0,7037.0,7077.0,6987.833333333333,PSMSL
1996,HonDau,6967.0,6927.0,6837.0,6917.0,6987.0,6937.0,7017.0,6967.0,7087.0,7207.0,7177.0,6997.0,7002.0,PSMSL
1997,HonDau,6957.0,6947.0,6907.0,6927.0,6977.0,6977.0,7027.0,7007.0,7067.0,7077.0,7067.0,7057.0,6999.5,PSMSL
1998,HonDau,6977.0,6867.0,6907.0,6867.0,6917.0,6977.0,6977.0,6967.0,7057.0,7147.0,7117.0,7037.0,6984.5,PSMSL
1999,HonDau,6967.0,6877.0,6937.0,6967.0,6957.0,6917.0,6947.0,6927.0,7007.0,7217.0,7207.0,7067.0,6999.5,PSMSL
2000,HonDau,6987.0,6947.0,6957.0,6927.0,6967.0,6967.0,7027.0,6987.0,7057.0,7127.0,7097.0,7037.0,7007.0,PSMSL
2001,HonDau,7057.0,6997.0,6937.0,6987.0,6927.0,6987.0,7047.0,7087.0,7087.0,7217.0,7127.0,7017.0,7039.5,PSMSL
2002,HonDau,6897.0,6917.0,6877.0,6927.0,7007.0,7017.0,6977.0,7007.0,7027.0,7117.0,7127.0,7087.0,6998.666666666667,PSMSL
2003,HonDau,6937.0,6957.0,6967.0,6937.0,7007.0,6967.0,6977.0,7047.0,7137.0,7227.0,7157.0,7057.0,7031.166666666667,PSMSL
2004,HonDau,6907.0,6827.0,6927.0,6877.0,6937.0,7017.0,6997.0,7007.0,6997.0,7167.0,7057.0,6977.0,6974.5,PSMSL
2005,HonDau,6927.0,6897.0,6827.0,6837.0,6927.0,6967.0,6977.0,6947.0,7087.0,7107.0,7097.0,7037.0,6969.5,PSMSL
2006,HonDau,6967.0,6967.0,6897.0,6917.0,6967.0,6947.0,6957.0,7027.0,7067.0,7147.0,7117.0,7097.0,7006.166666666667,PSMSL
2007,HonDau,6917.0,6837.0,6947.0,6897.0,6887.0,6907.0,6927.0,6967.0,7017.0,7137.0,7147.0,7037.0,6968.666666666667,PSMSL
2008,HonDau,6977.0,6857.0,6867.0,6927.0,7037.0,6977.0,6987.0,7017.0,7057.0,7137.0,7187.0,7087.0,7009.5,PSMSL
2009,HonDau,6997.0,6937.0,6937.0,7017.0,7027.0,6997.0,6997.0,6947.0,7157.0,7177.0,7077.0,7017.0,7023.666666666667,PSMSL
2010,HonDau,6937.0,6917.0,6917.0,6957.0,6957.0,6947.0,6967.0,7027.0,6997.0,7237.0,7187.0,7007.0,7004.5,PSMSL
2011,HonDau,6967.0,6867.0,6867.0,6867.0,6967.0,6997.0,6977.0,7007.0,7147.0,7197.0,7157.0,7097.0,7009.5,PSMSL
2012,HonDau,7007.0,7007.0,7037.0,6967.0,7027.0,7017.0,7017.0,6977.0,7117.0,7317.0,7167.0,7137.0,7066.166666666667,PSMSL
2013,HonDau,7007.0,7007.0,6967.0,7037.0,7047.0,6997.0,7077.0,7087.0,7167.0,7267.0,7157.0,7007.0,7068.666666666667,PSMSL
1979,HonNgu,,,,,,,,,,,,,,PSMSL
1980,HonNgu,,,,,,6998.0,6998.0,7088.0,7398.0,7378.0,7318.0,7258.0,7205.142857142857,PSMSL
1981,HonNgu,7238.0,7288.0,,,,,,7038.0,7208.0,7458.0,7488.0,,7286.333333333333,PSMSL
1982,HonNgu,7108.0,7018.0,6938.0,6988.0,6948.0,7068.0,7018.0,6968.0,,7258.0,,,7034.666666666667,PSMSL
1983,HonNgu,,,,,,,,,7088.0,7088.0,7458.0,7098.0,7183.0,PSMSL
1984,HonNgu,7028.0,7018.0,6948.0,6968.0,7038.0,7028.0,6978.0,7108.0,7118.0,7118.0,7368.0,7168.0,7073.833333333333,PSMSL
1985,HonNgu,6978.0,6998.0,7018.0,6958.0,6978.0,7048.0,6978.0,7018.0,7188.0,7188.0,7348.0,7308.0,7083.833333333333,PSMSL
1986,HonNgu,7188.0,7238.0,7108.0,7018.0,7058.0,6948.0,7048.0,7278.0,7328.0,7408.0,7318.0,7168.0,7175.5,PSMSL
1987,HonNgu,7048.0,7208.0,6988.0,6848.0,6768.0,6918.0,7038.0,7178.0,7268.0,,,,7029.111111111111,PSMSL
1988,HonNgu,7028.0,,,,,,,,,,,,7028.0,PSMSL
1989,HonNgu,7238.0,,,,,,7038.0,7178.0,7268.0,,7438.0,,7232.0,PSMSL
1990,HonNgu,7238.0,7078.0,7068.0,7178.0,7058.0,7048.0,7068.0,7158.0,7228.0,7328.0,7158.0,6908.0,7126.333333333333,PSMSL
1991,HonNgu,7088.0,7078.0,7028.0,7028.0,7088.0,,7008.0,7238.0,7328.0,7498.0,7368.0,7318.0,7188.0,PSMSL
1992,HonNgu,7058.0,7068.0,,6998.0,7118.0,7188.0,7128.0,7168.0,7328.0,7618.0,7398.0,7278.0,7213.454545454545,PSMSL
1993,HonNgu,7258.0,7228.0,7278.0,7308.0,7108.0,6988.0,7028.0,7038.0,7208.0,7358.0,7218.0,7178.0,7183.0,PSMSL
1994,HonNgu,7078.0,7018.0,7038.0,7028.0,6968.0,6998.0,6998.0,7108.0,7348.0,7428.0,7418.0,7278.0,7142.166666666667,PSMSL
1995,HonNgu,7118.0,7078.0,7038.0,7078.0,7138.0,7108.0,7118.0,7048.0,7218.0,7318.0,7128.0,7138.0,7127.166666666667,PSMSL
1996,HonNgu,6978.0,6918.0,6768.0,7068.0,7058.0,6938.0,6968.0,6988.0,7158.0,7318.0,7368.0,6988.0,7043.0,PSMSL
1997,HonNgu,6948.0,6918.0,6888.0,6898.0,6948.0,6928.0,6968.0,6958.0,7098.0,7088.0,7088.0,7098.0,6985.5,PSMSL
1998,HonNgu,7038.0,6958.0,6978.0,6868.0,6958.0,6978.0,6928.0,7018.0,7198.0,6978.0,7068.0,7018.0,6998.833333333333,PSMSL
1999,HonNgu,7008.0,7018.0,6988.0,7018.0,7118.0,6968.0,6798.0,6818.0,6918.0,7218.0,7188.0,7018.0,7006.333333333333,PSMSL
2000,HonNgu,6898.0,6858.0,6728.0,6688.0,6938.0,6828.0,6878.0,6858.0,7038.0,7158.0,7088.0,7048.0,6917.166666666667,PSMSL
2001,HonNgu,6978.0,6928.0,6888.0,6918.0,6838.0,6848.0,6898.0,7018.0,7048.0,7218.0,7078.0,6438.0,6924.666666666667,PSMSL
2002,HonNgu,6798.0,6788.0,6688.0,6838.0,6918.0,6898.0,6828.0,6928.0,6998.0,7078.0,7078.0,6538.0,6864.666666666667,PSMSL
2003,HonNgu,6878.0,6888.0,6918.0,6858.0,6878.0,6808.0,6768.0,6908.0,7088.0,7188.0,7118.0,7048.0,6945.5,PSMSL
2004,HonNgu,6878.0,6798.0,6878.0,6808.0,6888.0,6938.0,6848.0,6918.0,6928.0,7128.0,7008.0,6908.0,6910.5,PSMSL
2005,HonNgu,6898.0,6878.0,6818.0,6838.0,6798.0,6778.0,6808.0,6848.0,7098.0,7178.0,7128.0,6608.0,6889.666666666667,PSMSL
2006,HonNgu,6978.0,6988.0,6888.0,6878.0,6908.0,6868.0,6858.0,7018.0,7048.0,7128.0,7058.0,6728.0,6945.5,PSMSL
2007,HonNgu,6928.0,6798.0,6918.0,6798.0,6778.0,6778.0,6778.0,6888.0,6998.0,7198.0,7178.0,7178.0,6934.666666666667,PSMSL
2008,HonNgu,6948.0,6838.0,6768.0,6818.0,6868.0,6778.0,6788.0,6838.0,6958.0,7098.0,7148.0,7018.0,6905.5,PSMSL
2009,HonNgu,7018.0,6828.0,6878.0,6918.0,6968.0,6878.0,6848.0,6848.0,7128.0,7168.0,7088.0,6988.0,6963.0,PSMSL
2010,HonNgu,6898.0,6858.0,6848.0,6888.0,6838.0,6808.0,6848.0,6998.0,7008.0,7278.0,7178.0,6948.0,6949.666666666667,PSMSL
2011,HonNgu,6918.0,6808.0,6948.0,6828.0,6828.0,6818.0,6778.0,6868.0,7048.0,7168.0,7098.0,7048.0,6929.666666666667,PSMSL
2012,HonNgu,6948.0,6878.0,6848.0,6828.0,6898.0,6878.0,6848.0,6908.0,7108.0,7028.0,7008.0,6978.0,6929.666666666667,PSMSL
2013,HonNgu,6868.0,6838.0,6828.0,6938.0,6898.0,6828.0,6878.0,6918.0,7138.0,7338.0,7098.0,6908.0,6956.333333333333,PSMSL
1979,QuyNhon,7001.0,6981.0,7011.0,7011.0,7021.0,7011.0,6921.0,6941.0,7001.0,7281.0,7281.0,7121.0,7048.5,PSMSL
1980,QuyNhon,7021.0,7061.0,6921.0,6921.0,6971.0,6941.0,6901.0,6921.0,7171.0,7241.0,7321.0,7201.0,7049.333333333333,PSMSL
1981,QuyNhon,7161.0,7081.0,7011.0,6991.0,6991.0,7021.0,6961.0,6921.0,6971.0,7201.0,7291.0,7211.0,7067.666666666667,PSMSL
1982,QuyNhon,7101.0,7041.0,7091.0,7071.0,6951.0,6921.0,6991.0,6901.0,6961.0,7091.0,7121.0,7101.0,7028.5,PSMSL
1983,QuyNhon,7081.0,6971.0,7161.0,7111.0,7141.0,7061.0,6911.0,6961.0,6841.0,7131.0,7251.0,7131.0,7062.666666666667,PSMSL
1984,QuyNhon,7121.0,7091.0,7061.0,7071.0,7011.0,6951.0,6821.0,6881.0,6771.0,7061.0,7161.0,7011.0,7001.0,PSMSL
1985,QuyNhon,7001.0,7081.0,7191.0,7131.0,6951.0,6981.0,6871.0,6811.0,6921.0,7031.0,7041.0,7171.0,7015.166666666667,PSMSL
1986,QuyNhon,,,,6931.0,6951.0,6871.0,6871.0,7041.0,7051.0,7201.0,7251.0,7171.0,7037.666666666667,PSMSL
1987,QuyNhon,7041.0,6971.0,6881.0,6871.0,6861.0,6951.0,6911.0,6911.0,7051.0,7101.0,7321.0,7261.0,7011.0,PSMSL
1988,QuyNhon,7131.0,7111.0,7091.0,7071.0,7011.0,7051.0,6981.0,6961.0,7011.0,7311.0,7251.0,7111.0,7091.0,PSMSL
1989,QuyNhon,7141.0,7051.0,7091.0,6961.0,7031.0,6981.0,7001.0,7101.0,7071.0,7311.0,7271.0,7161.0,7097.666666666667,PSMSL
1990,QuyNhon,7091.0,7001.0,6961.0,6961.0,6971.0,7091.0,7001.0,7051.0,7151.0,7321.0,7341.0,7301.0,7103.5,PSMSL
1991,QuyNhon,7181.0,7151.0,7071.0,7131.0,7111.0,6951.0,6931.0,7001.0,7111.0,7231.0,7231.0,7171.0,7106.0,PSMSL
1992,QuyNhon,7051.0,6981.0,6941.0,6921.0,6931.0,6921.0,6911.0,,7081.0,7351.0,7301.0,7141.0,7048.272727272727,PSMSL
1993,QuyNhon,7071.0,6971.0,7001.0,6951.0,6841.0,6771.0,6831.0,6891.0,7011.0,7191.0,7141.0,7211.0,6990.166666666667,PSMSL
1994,QuyNhon,7021.0,6931.0,6991.0,6911.0,6891.0,6871.0,6871.0,6871.0,7041.0,7111.0,7131.0,7101.0,6978.5,PSMSL
1995,QuyNhon,7031.0,6991.0,6911.0,6871.0,6901.0,6801.0,6781.0,6871.0,7081.0,7191.0,7171.0,7191.0,6982.666666666667,PSMSL
1996,QuyNhon,7071.0,7061.0,6891.0,6971.0,6971.0,6841.0,6841.0,6871.0,7051.0,7211.0,7291.0,7171.0,7020.166666666667,PSMSL
1997,QuyNhon,7031.0,7031.0,6941.0,6921.0,6911.0,6911.0,6931.0,6971.0,7051.0,7051.0,7081.0,7091.0,6993.5,PSMSL
1998,QuyNhon,7001.0,6921.0,6911.0,6861.0,6861.0,6881.0,6801.0,6871.0,7061.0,7191.0,7291.0,7261.0,6992.666666666667,PSMSL
1999,QuyNhon,7111.0,7011.0,7041.0,7061.0,7001.0,6901.0,6871.0,6871.0,7001.0,7241.0,7311.0,7321.0,7061.833333333333,PSMSL
2000,QuyNhon,7101.0,7091.0,7031.0,6931.0,7021.0,6911.0,6981.0,6911.0,7051.0,7201.0,7271.0,7181.0,7056.833333333333,PSMSL
2001,QuyNhon,7121.0,7091.0,7031.0,7011.0,6951.0,6911.0,6941.0,7021.0,7241.0,7191.0,7081.0,7121.0,7059.333333333333,PSMSL
2002,QuyNhon,6981.0,6981.0,6921.0,6931.0,6991.0,6931.0,6921.0,6981.0,7041.0,7121.0,7231.0,7171.0,7016.833333333333,PSMSL
2003,QuyNhon,7031.0,7011.0,6961.0,6901.0,6961.0,6901.0,6851.0,6981.0,7081.0,7221.0,7221.0,7181.0,7025.166666666667,PSMSL
2004,QuyNhon,7021.0,6931.0,6981.0,6941.0,6931.0,6981.0,6881.0,6961.0,6981.0,7161.0,7121.0,7081.0,6997.666666666667,PSMSL
2005,QuyNhon,6991.0,6941.0,6911.0,6871.0,6831.0,6871.0,6871.0,6881.0,7081.0,7191.0,7201.0,7271.0,6992.666666666667,PSMSL
2006,QuyNhon,7071.0,7031.0,6971.0,6931.0,6991.0,6891.0,6881.0,6981.0,7081.0,7171.0,7101.0,7191.0,7024.333333333333,PSMSL
2007,QuyNhon,7061.0,6911.0,7001.0,6941.0,6921.0,6821.0,6791.0,6921.0,7061.0,7201.0,7361.0,7121.0,7009.333333333333,PSMSL
2008,QuyNhon,7101.0,7021.0,6951.0,7011.0,7041.0,7041.0,6891.0,6901.0,7011.0,7161.0,7331.0,7221.0,7056.833333333333,PSMSL
2009,QuyNhon,7161.0,7001.0,7001.0,7061.0,7051.0,6971.0,6911.0,6931.0,7151.0,7221.0,7191.0,7091.0,7061.833333333333,PSMSL
2010,QuyNhon,7051.0,6971.0,6951.0,6991.0,6921.0,6891.0,6931.0,7001.0,7131.0,7341.0,7391.0,7181.0,7062.666666666667,PSMSL
2011,QuyNhon,7151.0,7061.0,7071.0,6951.0,6971.0,6941.0,6921.0,6991.0,7141.0,7251.0,7261.0,7261.0,7081.0,PSMSL
2012,QuyNhon,7161.0,7101.0,7111.0,7001.0,7001.0,7001.0,6971.0,6981.0,7121.0,7261.0,7181.0,7181.0,7089.333333333333,PSMSL
2013,QuyNhon,7141.0,7101.0,7031.0,7071.0,7011.0,7001.0,7011.0,7041.0,7151.0,7301.0,7291.0,7131.0,7106.833333333333,PSMSL
1979,VungTau,6996.0,6996.0,6986.0,6966.0,6906.0,6836.0,6786.0,6806.0,6956.0,7206.0,7246.0,7146.0,6986.0,PSMSL
1980,VungTau,7066.0,7096.0,6966.0,6926.0,6866.0,6796.0,6746.0,6766.0,6896.0,7156.0,7256.0,7226.0,6980.166666666667,PSMSL
1981,VungTau,7186.0,7076.0,7006.0,6966.0,6906.0,6726.0,6816.0,6816.0,6966.0,7076.0,7256.0,7266.0,7005.166666666667,PSMSL
1982,VungTau,7106.0,7036.0,6986.0,7116.0,6906.0,6776.0,6766.0,6796.0,6886.0,7066.0,7126.0,7176.0,6978.5,PSMSL
1983,VungTau,7106.0,6946.0,6936.0,6876.0,6856.0,6776.0,6756.0,6826.0,6896.0,7046.0,7256.0,7226.0,6958.5,PSMSL
1984,VungTau,7166.0,7106.0,6996.0,6916.0,6916.0,6756.0,6776.0,6856.0,6956.0,7266.0,7086.0,7216.0,7001.0,PSMSL
1985,VungTau,7106.0,7076.0,7156.0,6966.0,6886.0,6746.0,6736.0,6736.0,6886.0,7116.0,7126.0,7156.0,6974.333333333333,PSMSL
1986,VungTau,7136.0,7016.0,7006.0,6906.0,6786.0,6746.0,6756.0,6776.0,6866.0,7026.0,7196.0,7106.0,6943.5,PSMSL
1987,VungTau,7086.0,6976.0,6886.0,6926.0,6846.0,6786.0,6716.0,6776.0,6866.0,7056.0,7116.0,7226.0,6938.5,PSMSL
1988,VungTau,7076.0,7056.0,7016.0,6986.0,6796.0,6776.0,6786.0,6836.0,6936.0,7096.0,7176.0,7126.0,6971.833333333333,PSMSL
1989,VungTau,7146.0,7066.0,7046.0,6886.0,6886.0,6776.0,6776.0,6816.0,6926.0,7256.0,7306.0,7216.0,7008.5,PSMSL
1990,VungTau,7226.0,7096.0,6966.0,,6876.0,6716.0,6756.0,6796.0,6886.0,7136.0,7186.0,7186.0,6984.181818181818,PSMSL
1991,VungTau,7146.0,7136.0,6986.0,7006.0,6956.0,6796.0,6756.0,6796.0,,,,7196.0,6974.888888888889,PSMSL
1992,VungTau,7126.0,7026.0,6936.0,6996.0,6976.0,6886.0,6886.0,6856.0,6946.0,7276.0,7306.0,7206.0,7035.166666666667,PSMSL
1993,VungTau,7226.0,7096.0,7096.0,7076.0,6966.0,6846.0,6886.0,6876.0,6996.0,7246.0,7296.0,7326.0,7077.666666666667,PSMSL
1994,VungTau,7226.0,7096.0,7196.0,7066.0,6976.0,6906.0,6916.0,6946.0,7046.0,7306.0,7386.0,7306.0,7114.333333333333,PSMSL
1995,VungTau,7316.0,7226.0,7066.0,7046.0,6956.0,6856.0,6896.0,6926.0,7036.0,7186.0,7296.0,7286.0,7091.0,PSMSL
1996,VungTau,7186.0,7226.0,7016.0,7096.0,7006.0,6946.0,6906.0,6916.0,7016.0,7276.0,7286.0,7296.0,7097.666666666667,PSMSL
1997,VungTau,7156.0,7126.0,7016.0,6956.0,6886.0,6796.0,6806.0,6786.0,6936.0,7076.0,7126.0,7146.0,6984.333333333333,PSMSL
1998,VungTau,7076.0,7006.0,7026.0,6956.0,6916.0,6856.0,6866.0,6876.0,6946.0,7156.0,7186.0,7276.0,7011.833333333333,PSMSL
1999,VungTau,7216.0,7166.0,7076.0,7066.0,7016.0,6826.0,6836.0,6886.0,6996.0,7226.0,7296.0,7346.0,7079.333333333333,PSMSL
2000,VungTau,7226.0,7236.0,7186.0,7016.0,6976.0,6876.0,6916.0,6876.0,7036.0,7156.0,7336.0,7266.0,7091.833333333333,PSMSL
2001,VungTau,7216.0,7216.0,7126.0,7096.0,6926.0,6866.0,6866.0,6926.0,7026.0,7246.0,7346.0,7286.0,7095.166666666667,PSMSL
2002,VungTau,7186.0,7186.0,7096.0,7076.0,7016.0,6896.0,6856.0,6906.0,6916.0,7146.0,7276.0,7226.0,7065.166666666667,PSMSL
2003,VungTau,7146.0,7136.0,7096.0,6956.0,6936.0,6936.0,6866.0,6866.0,6956.0,7216.0,7246.0,7246.0,7050.166666666667,PSMSL
2004,VungTau,7136.0,7046.0,7056.0,6976.0,6926.0,6846.0,6806.0,6886.0,6956.0,7236.0,7216.0,7166.0,7021.0,PSMSL
2005,VungTau,7116.0,7026.0,7016.0,6946.0,6806.0,6776.0,6776.0,6786.0,6926.0,7126.0,7226.0,7266.0,6982.666666666667,PSMSL
2006,VungTau,7156.0,7146.0,7026.0,6976.0,6976.0,6836.0,6776.0,6846.0,6956.0,7146.0,7196.0,7316.0,7029.333333333333,PSMSL
2007,VungTau,7186.0,7016.0,7066.0,7046.0,6916.0,6856.0,6796.0,6816.0,6976.0,7156.0,7316.0,7246.0,7032.666666666667,PSMSL
2008,VungTau,7296.0,7096.0,7116.0,7096.0,7056.0,6886.0,6856.0,6926.0,6986.0,7176.0,7326.0,7226.0,7086.833333333333,PSMSL
2009,VungTau,7296.0,7096.0,7116.0,7096.0,7056.0,6886.0,6856.0,6926.0,6986.0,7176.0,7326.0,7226.0,7086.833333333333,PSMSL
2010,VungTau,7196.0,7076.0,7116.0,7086.0,7006.0,6916.0,6926.0,6936.0,6996.0,7266.0,7376.0,7306.0,7100.166666666667,PSMSL
2011,VungTau,7316.0,7206.0,7256.0,7076.0,6946.0,6836.0,6846.0,6936.0,6866.0,7186.0,7296.0,7336.0,7091.833333333333,PSMSL
2012,VungTau,7226.0,7176.0,7186.0,6996.0,6916.0,6846.0,6856.0,6896.0,7046.0,7266.0,7266.0,7326.0,7083.5,PSMSL
2013,VungTau,7276.0,7236.0,7116.0,7146.0,7016.0,6916.0,6886.0,6876.0,7006.0,7276.0,7306.0,7316.0,7114.333333333333,PSMSL
